KNM-Kunak Mill,190418_DCOB.csv
KNM-Kunak Mill,190418_SC.csv
KNM-Kunak Mill,190420_SC.csv
KNM-Kunak Mill,190417_PCF2.csv
KNM-Kunak Mill,190417_PKWBC.csv
KNM-Kunak Mill,190420_PCF3.csv
KNM-Kunak Mill,190418_EFB.csv
KNM-Kunak Mill,190418_PKB3.csv
KNM-Kunak Mill,190418_HPD.csv
KNM-Kunak Mill,190419_PKWBC.csv
KNM-Kunak Mill,190418_PKWP.csv
KNM-Kunak Mill,190418_PKB4.csv
KNM-Kunak Mill,190420_UF.csv
KNM-Kunak Mill,190416_HPD.csv
KNM-Kunak Mill,190418_UDCO.csv
KNM-Kunak Mill,190420_PKWBC.csv
KNM-Kunak Mill,190417_PKB4.csv
KNM-Kunak Mill,190419_PCF1.csv
KNM-Kunak Mill,190420_PCF1.csv
KNM-Kunak Mill,190419_PCF2.csv
KNM-Kunak Mill,190418_PKWBC.csv
KNM-Kunak Mill,190420_PKWP.csv
KNM-Kunak Mill,190417_PKB3.csv
KNM-Kunak Mill,190418_PCF3.csv
KNM-Kunak Mill,190420_DCOB.csv
KNM-Kunak Mill,190417_CF.csv
KNM-Kunak Mill,190417_PKB1.csv
KNM-Kunak Mill,190416_PCF2.csv
KNM-Kunak Mill,190417_UF.csv
KNM-Kunak Mill,190419_PKB2.csv
KNM-Kunak Mill,190417_DCOA.csv
KNM-Kunak Mill,190417_UDCO.csv
KNM-Kunak Mill,190418_PCF1.csv
KNM-Kunak Mill,190419_DCOB.csv
KNM-Kunak Mill,190420_PKP.csv
KNM-Kunak Mill,190419_PKWP.csv
KNM-Kunak Mill,190417_EFB.csv
KNM-Kunak Mill,190418_PKP.csv
KNM-Kunak Mill,190420_CF.csv
KNM-Kunak Mill,190418_PKB2.csv
KNM-Kunak Mill,190417_HPD.csv
KNM-Kunak Mill,190418_SBGP.csv
KNM-Kunak Mill,190417_PKWP.csv
KNM-Kunak Mill,190416_DCOA.csv
KNM-Kunak Mill,190416_PCF3.csv
KNM-Kunak Mill,190416_DC.csv
KNM-Kunak Mill,190419_HPD.csv
KNM-Kunak Mill,190416_PKWBC.csv
KNM-Kunak Mill,190419_SC.csv
KNM-Kunak Mill,190419_SBGP.csv
KNM-Kunak Mill,190416_UDCO.csv
KNM-Kunak Mill,190417_PKB2.csv
KNM-Kunak Mill,190417_DC.csv
KNM-Kunak Mill,190419_PKB4.csv
KNM-Kunak Mill,190416_SBGP.csv
KNM-Kunak Mill,190418_CF.csv
KNM-Kunak Mill,190419_DCOA.csv
KNM-Kunak Mill,190418_UF.csv
KNM-Kunak Mill,190417_PKP.csv
KNM-Kunak Mill,190420_UDCO.csv
KNM-Kunak Mill,190419_UF.csv
KNM-Kunak Mill,190420_EFB.csv
KNM-Kunak Mill,190416_EFB.csv
KNM-Kunak Mill,190417_SBGP.csv
KNM-Kunak Mill,190417_DCOB.csv
KNM-Kunak Mill,190418_PCF2.csv
KNM-Kunak Mill,190416_PKB3.csv
KNM-Kunak Mill,190416_PCF1.csv
KNM-Kunak Mill,190419_PKP.csv
KNM-Kunak Mill,190419_UDCO.csv
KNM-Kunak Mill,190420_DC.csv
KNM-Kunak Mill,190416_PKB1.csv
KNM-Kunak Mill,190419_CF.csv
KNM-Kunak Mill,190418_PKB1.csv
KNM-Kunak Mill,190420_DCOA.csv
KNM-Kunak Mill,190419_PKB1.csv
KNM-Kunak Mill,190416_PKP.csv
KNM-Kunak Mill,190416_UF1.csv
KNM-Kunak Mill,190420_PCF2.csv
KNM-Kunak Mill,190416_CF1.csv
KNM-Kunak Mill,190418_DC.csv
KNM-Kunak Mill,190417_SC.csv
KNM-Kunak Mill,190419_PKB3.csv
KNM-Kunak Mill,190416_PKB4.csv
KNM-Kunak Mill,190418_DCOA.csv
KNM-Kunak Mill,190416_PKD.csv
KNM-Kunak Mill,190419_DC.csv
KNM-Kunak Mill,190420_PKB3.csv
KNM-Kunak Mill,190420_PKB1.csv
KNM-Kunak Mill,190419_EFB.csv
KNM-Kunak Mill,190416_SC.csv
KNM-Kunak Mill,190420_PKB4.csv
KNM-Kunak Mill,190416_PKB2.csv
KNM-Kunak Mill,190420_SBGP.csv
KNM-Kunak Mill,190416_DCOB.csv
KNM-Kunak Mill,190420_PKB2.csv
KNM-Kunak Mill,190417_PKD.csv
KNM-Kunak Mill,190420_HPD.csv
KNM-Kunak Mill,190417_PCF3.csv
KNM-Kunak Mill,190416_PKWP.csv
KNM-Kunak Mill,190417_PCF1.csv
